timestamp,requests,notes
2026-05-01,118,
2026-05-02,104,
2026-05-03,96,weekend
2026-05-04,131,
2026-05-05,135,preliminary
2026-05-05,137,corrected
2026-05-06,142,
2026-05-07,139,
2026-05-08,127,
2026-05-09,101,weekend
2026-05-10,98,weekend
2026-05-11,$149,billing export format
2026-05-12,151,
2026-05-13,148,
2026-05-14,N/A,collector outage
2026-05-15,133,
2026-05-16,107,weekend
2026-05-17,103,weekend
2026/05/18,155,regional export format
2026/05/19,161,regional export format
2026-05-20,158,
2026-05-21,152,
2026-05-22,140,
2026-05-23,112,weekend
2026-05-24,109,weekend
2026-05-25,166,
2026-05-26,171,
2026-05-26,171,accidental re-export
2026-05-27,169,
2026-05-28,163,
2026-05-29,150,
2026-05-30,118,weekend
2026-05-31,114,weekend
2026-06-01,176,
2026-06-02,182,
2026-06-03,179,
2026-06-04,173,
2026-06-05,161,
2026-06-06,126,weekend
2026-06-07,121,weekend
2026-06-08,187,
2026-06-09,193,
2026-06-10,190,
2026-06-11,184,
2026-06-12,172,
2026-06-13,138,weekend
2026-06-14,132,weekend
2026-06-15,196,
2026-06-16,201,
2026-06-17,198,
2026-06-18,192,
2026-06-19,180,
2026-06-20,144,weekend
2026-06-21,139,weekend
2026-06-22,204,
2026-06-23,209,
2026-06-24,206,
2026-06-25,200,
2026-06-26,188,
2026-06-27,150,weekend
2026-06-28,146,weekend
2026-06-29,213,
2026-06-30,217,
,,
